{
	"credit": "AntonLandao",
	"ambientocclusion": false,
	"textures": {
		"0": "block/lever",
		"particle": "block/lever"
	},
	"elements": [
		{
			"from": [5, 0, 4],
			"to": [11, 2, 12],
			"faces": {
				"north": {"uv": [4, 0, 4.968, 1.484], "texture": "#0"},
				"east": {"uv": [6, 0, 6.968, 1.484], "texture": "#0"},
				"south": {"uv": [6, 0, 7, 1.484], "texture": "#0"},
				"west": {"uv": [6, 0, 7, 1.484], "texture": "#0"},
				"up": {"uv": [6, 0, 6.968, 0.968], "rotation": 270, "texture": "#0"},
				"down": {"uv": [6, 0, 6.968, 0.968], "rotation": 90, "texture": "#0"}
			}
		},
		{
			"from": [5, 2, 7],
			"to": [11, 4, 9],
			"faces": {
				"north": {"uv": [5, 0, 5.968, 0.968], "texture": "#0"},
				"east": {"uv": [0, 0, 3.967, 3.967], "rotation": 270, "texture": "#0"},
				"south": {"uv": [0, 14, 12, 15.967], "texture": "#0"},
				"west": {"uv": [0, 0, 3.967, 3.967], "rotation": 90, "texture": "#0"},
				"up": {"uv": [0, 14, 12, 15.968], "rotation": 180, "texture": "#0"},
				"down": {"uv": [0, 14, 12, 16], "texture": "#0"}
			}
		},
		{
			"from": [5.75, 2, 3.75],
			"to": [10.25, 4, 4],
			"faces": {
				"north": {"uv": [5, 0, 6, 0.968], "texture": "#0"},
				"east": {"uv": [5, 0, 6, 1.484], "rotation": 270, "texture": "#0"},
				"south": {"uv": [5, 0, 6, 0.968], "texture": "#0"},
				"west": {"uv": [5, 0, 6, 1.484], "rotation": 90, "texture": "#0"},
				"up": {"uv": [5, 0, 6, 1.484], "rotation": 180, "texture": "#0"},
				"down": {"uv": [5, 0, 6, 1.484], "texture": "#0"}
			}
		},
		{
			"from": [7.3, 2.3, 1.25],
			"to": [8.7, 3.7, 3.75],
			"faces": {
				"north": {"uv": [15, 0, 15.968, 0.968], "rotation": 270, "texture": "#0"},
				"east": {"uv": [12, 0, 15.966, 1.465], "rotation": 90, "texture": "#0"},
				"south": {"uv": [5, 0, 6, 1], "texture": "#0"},
				"west": {"uv": [12, 0, 15.966, 1.465], "rotation": 270, "texture": "#0"},
				"up": {"uv": [12, 0, 15.966, 1.465], "texture": "#0"},
				"down": {"uv": [12, 0, 15.966, 1.465], "rotation": 180, "texture": "#0"}
			}
		},
		{
			"from": [7.3, 2.3, 0.15],
			"to": [8.7, 3.7, 1.25],
			"faces": {
				"north": {"uv": [5, 0, 5.967, 0.968], "rotation": 270, "texture": "#0"},
				"east": {"uv": [5, 0, 5.966, 1.465], "rotation": 90, "texture": "#0"},
				"south": {"uv": [5, 0, 6, 1], "texture": "#0"},
				"west": {"uv": [5, 0, 5.966, 1.465], "rotation": 270, "texture": "#0"},
				"up": {"uv": [5, 0, 5.966, 1.465], "texture": "#0"},
				"down": {"uv": [5, 0, 5.966, 1.465], "rotation": 180, "texture": "#0"}
			}
		},
		{
			"from": [9.5, 2, 4],
			"to": [10, 4, 7],
			"faces": {
				"north": {"uv": [4, 0, 5, 1], "texture": "#0"},
				"east": {"uv": [5, 0, 4, 0.968], "texture": "#0"},
				"south": {"uv": [5, 0, 4, 1.484], "rotation": 90, "texture": "#0"},
				"west": {"uv": [5, 0, 4, 1], "rotation": 180, "texture": "#0"},
				"up": {"uv": [5, 0, 4, 1.484], "rotation": 270, "texture": "#0"},
				"down": {"uv": [5, 0, 4, 1.484], "rotation": 90, "texture": "#0"}
			}
		},
		{
			"from": [6, 2, 4],
			"to": [6.5, 4, 7],
			"faces": {
				"north": {"uv": [4, 0, 5, 1], "texture": "#0"},
				"east": {"uv": [5, 0, 4, 0.968], "texture": "#0"},
				"south": {"uv": [5, 0, 4, 1.484], "rotation": 90, "texture": "#0"},
				"west": {"uv": [5, 0, 4, 1], "rotation": 180, "texture": "#0"},
				"up": {"uv": [5, 0, 4, 1.484], "rotation": 270, "texture": "#0"},
				"down": {"uv": [5, 0, 4, 1.484], "rotation": 90, "texture": "#0"}
			}
		},
		{
			"from": [10, 2, 9.6],
			"to": [10.5, 4, 11.4],
			"faces": {
				"north": {"uv": [5, 0, 6, 1], "texture": "#0"},
				"east": {"uv": [6, 0, 5, 0.968], "texture": "#0"},
				"south": {"uv": [6, 0, 5, 1.484], "rotation": 90, "texture": "#0"},
				"west": {"uv": [6, 0, 5, 0.968], "rotation": 180, "texture": "#0"},
				"up": {"uv": [6, 0, 5, 1.484], "rotation": 270, "texture": "#0"},
				"down": {"uv": [6, 0, 5, 1.484], "rotation": 90, "texture": "#0"}
			}
		},
		{
			"from": [9, 2, 9.6],
			"to": [9.5, 4, 11.4],
			"faces": {
				"north": {"uv": [5, 0, 6, 1], "texture": "#0"},
				"east": {"uv": [6, 0, 5, 0.968], "texture": "#0"},
				"south": {"uv": [6, 0, 5, 1.484], "rotation": 90, "texture": "#0"},
				"west": {"uv": [6, 0, 5, 0.968], "rotation": 180, "texture": "#0"},
				"up": {"uv": [6, 0, 5, 1.484], "rotation": 270, "texture": "#0"},
				"down": {"uv": [6, 0, 5, 1.484], "rotation": 90, "texture": "#0"}
			}
		},
		{
			"from": [6.5, 2, 9.6],
			"to": [7, 4, 11.4],
			"faces": {
				"north": {"uv": [5, 0, 6, 1], "texture": "#0"},
				"east": {"uv": [6, 0, 5, 0.968], "texture": "#0"},
				"south": {"uv": [6, 0, 5, 1.484], "rotation": 90, "texture": "#0"},
				"west": {"uv": [6, 0, 5, 0.968], "rotation": 180, "texture": "#0"},
				"up": {"uv": [6, 0, 5, 1.484], "rotation": 270, "texture": "#0"},
				"down": {"uv": [6, 0, 5, 1.484], "rotation": 90, "texture": "#0"}
			}
		},
		{
			"from": [5.5, 2, 9.6],
			"to": [6, 4, 11.4],
			"faces": {
				"north": {"uv": [5, 0, 6, 1], "texture": "#0"},
				"east": {"uv": [6, 0, 5, 0.968], "texture": "#0"},
				"south": {"uv": [6, 0, 5, 1.484], "rotation": 90, "texture": "#0"},
				"west": {"uv": [6, 0, 5, 0.968], "rotation": 180, "texture": "#0"},
				"up": {"uv": [6, 0, 5, 1.484], "rotation": 270, "texture": "#0"},
				"down": {"uv": [6, 0, 5, 1.484], "rotation": 90, "texture": "#0"}
			}
		}
	]
}