{
	"credit": "AntonLandao",
	"parent": "block/template_torch",
	"textures": {
		"0": "block/oak_button",
		"particle": "block/oak_button"
	},
	"elements": [
		{
			"from": [5, 0, 6],
			"to": [11, 0.5, 10],
			"faces": {
				"north": {"uv": [0, 0, 1, 1], "texture": "#0"},
				"east": {"uv": [0, 0, 1, 1], "texture": "#0"},
				"south": {"uv": [0, 0, 1, 1], "texture": "#0"},
				"west": {"uv": [0, 0, 1, 1], "texture": "#0"},
				"up": {"uv": [0, 1, 1, 0], "texture": "#0"},
				"down": {"uv": [0, 0, 1, 1], "texture": "#0", "cullface": "down"}
			}
		},
		{
			"from": [5.45, 0.5, 6.45],
			"to": [10.55, 0.75, 9.55],
			"faces": {
				"north": {"uv": [1, 0, 2, 1], "texture": "#0"},
				"east": {"uv": [1, 0, 2, 1], "texture": "#0"},
				"south": {"uv": [1, 0, 2, 1], "texture": "#0"},
				"west": {"uv": [1, 0, 2, 1], "texture": "#0"},
				"up": {"uv": [1, 1, 2, 0], "texture": "#0"},
				"down": {"uv": [1, 0, 2, 1], "texture": "#0", "cullface": "down"}
			}
		},
		{
			"from": [5.5, 0.7, 6.5],
			"to": [10.5, 1.2, 9.5],
			"faces": {
				"north": {"uv": [11, 0, 16, 1], "texture": "#0"},
				"east": {"uv": [15, 0, 16, 1], "texture": "#0"},
				"south": {"uv": [11, 0, 16, 1], "texture": "#0"},
				"west": {"uv": [11, 0, 12, 1], "texture": "#0"},
				"up": {"uv": [11, 1, 16, 0], "texture": "#0"},
				"down": {"uv": [11, 0, 16, 1], "texture": "#0", "cullface": "down"}
			}
		}
	]
}