{
	"credit": "AntonLandao",
	"parent": "block/thin_block",
	"textures": {
		"texture": "block/spruce_trapdoor",
		"particle": "block/spruce_trapdoor"
	},
	"elements": [
		{
			"from": [0, 0, 0],
			"to": [16, 3, 16],
			"faces": {
				"north": {"uv": [0, 16, 16, 13], "texture": "#texture", "cullface": "north"},
				"east": {"uv": [14, 16, 16, 13], "texture": "#texture", "cullface": "east"},
				"south": {"uv": [0, 16, 16, 13], "texture": "#texture", "cullface": "south"},
				"west": {"uv": [0, 16, 2, 13], "texture": "#texture", "cullface": "west"},
				"up": {"uv": [0, 0, 16, 16], "texture": "#texture"},
				"down": {"uv": [0, 0, 16, 16], "texture": "#texture", "cullface": "down"}
			}
		},
		{
			"from": [-1, -1, 3],
			"to": [17, 4, 4],
			"faces": {
				"north": {"uv": [0, 3, 1, 4], "texture": "#texture"},
				"east": {"uv": [0, 3, 1, 4], "texture": "#texture"},
				"south": {"uv": [0, 3, 1, 4], "texture": "#texture"},
				"west": {"uv": [0, 3, 1, 4], "texture": "#texture"},
				"up": {"uv": [0, 3, 16, 4], "texture": "#texture"},
				"down": {"uv": [0, 3, 16, 4], "texture": "#texture"}
			}
		},
		{
			"from": [-1, -1, 12],
			"to": [17, 4, 13],
			"faces": {
				"north": {"uv": [0, 12, 1, 13], "texture": "#texture"},
				"east": {"uv": [0, 12, 1, 13], "texture": "#texture"},
				"south": {"uv": [0, 12, 1, 13], "texture": "#texture"},
				"west": {"uv": [0, 12, 1, 13], "texture": "#texture"},
				"up": {"uv": [0, 12, 16, 13], "texture": "#texture"},
				"down": {"uv": [0, 12, 16, 13], "texture": "#texture"}
			}
		}
	]
}