{
	"credit": "AntonLandao",
	"ambientocclusion": false,
	"textures": {
		"1_bottom": "block/spruce_door_bottom",
		"particle": "block/spruce_door_bottom"
	},
	"elements": [
		{
			"from": [0, 0, 0],
			"to": [3, 16, 16],
			"faces": {
				"north": {"uv": [2, 0, 0, 16], "texture": "#1_bottom", "cullface": "north"},
				"east": {"uv": [16, 0, 0, 16], "texture": "#1_bottom"},
				"south": {"uv": [2, 0, 4, 16], "texture": "#1_bottom", "cullface": "south"},
				"west": {"uv": [0, 0, 16, 16], "texture": "#1_bottom", "cullface": "west"},
				"up": {"uv": [10, 3, 12, 4], "texture": "#1_bottom"},
				"down": {"uv": [15, 15, 16, 16], "texture": "#1_bottom", "cullface": "down"}
			}
		},
		{
			"from": [-1, 5, 0],
			"to": [4, 6, 16],
			"faces": {
				"north": {"uv": [0, 10, 1, 11], "texture": "#1_bottom"},
				"east": {"uv": [0, 10, 1, 11], "texture": "#1_bottom"},
				"south": {"uv": [0, 10, 1, 11], "texture": "#1_bottom"},
				"west": {"uv": [0, 10, 1, 11], "texture": "#1_bottom"},
				"up": {"uv": [0, 10, 16, 11], "texture": "#1_bottom"},
				"down": {"uv": [0, 10, 16, 11], "texture": "#1_bottom"}
			}
		},
		{
			"from": [-1, 12, 10],
			"to": [4, 13, 14],
			"faces": {
				"north": {"uv": [10, 3, 14, 4], "texture": "#1_bottom"},
				"east": {"uv": [10, 3, 14, 4], "texture": "#1_bottom"},
				"south": {"uv": [10, 3, 14, 4], "texture": "#1_bottom"},
				"west": {"uv": [10, 3, 14, 4], "texture": "#1_bottom"},
				"up": {"uv": [10, 3, 14, 4], "texture": "#1_bottom"},
				"down": {"uv": [10, 3, 14, 4], "texture": "#1_bottom"}
			}
		},
		{
			"from": [-1, 15, 10],
			"to": [4, 16, 14],
			"faces": {
				"north": {"uv": [10, 0, 14, 1], "texture": "#1_bottom"},
				"east": {"uv": [10, 0, 14, 1], "texture": "#1_bottom"},
				"south": {"uv": [10, 0, 14, 1], "texture": "#1_bottom"},
				"west": {"uv": [10, 0, 14, 1], "texture": "#1_bottom"},
				"up": {"uv": [10, 0, 14, 1], "texture": "#1_bottom"},
				"down": {"uv": [10, 0, 14, 1], "texture": "#1_bottom"}
			}
		},
		{
			"from": [-1, 13, 13],
			"to": [4, 15, 14],
			"faces": {
				"north": {"uv": [10, 0, 14, 1], "texture": "#1_bottom"},
				"east": {"uv": [10, 0, 14, 1], "texture": "#1_bottom"},
				"south": {"uv": [10, 0, 14, 1], "texture": "#1_bottom"},
				"west": {"uv": [10, 0, 14, 1], "texture": "#1_bottom"},
				"up": {"uv": [10, 0, 14, 1], "texture": "#1_bottom"},
				"down": {"uv": [10, 0, 14, 1], "texture": "#1_bottom"}
			}
		},
		{
			"from": [-1, 13, 10],
			"to": [4, 15, 11],
			"faces": {
				"north": {"uv": [10, 0, 14, 1], "texture": "#1_bottom"},
				"east": {"uv": [10, 0, 14, 1], "texture": "#1_bottom"},
				"south": {"uv": [10, 0, 14, 1], "texture": "#1_bottom"},
				"west": {"uv": [10, 0, 14, 1], "texture": "#1_bottom"},
				"up": {"uv": [10, 0, 14, 1], "texture": "#1_bottom"},
				"down": {"uv": [10, 0, 14, 1], "texture": "#1_bottom"}
			}
		}
	],
	"groups": [
		{
			"name": "door_bottom",
			"children": [0, 1, 2, 3, 4, 5]
		}
	]
}