{
	"credit": "AntonLandao",
	"ambientocclusion": false,
	"textures": {
		"1_top": "block/spruce_door_top",
		"particle": "block/spruce_door_top"
	},
	"elements": [
		{
			"from": [0, 0, 0],
			"to": [3, 16, 16],
			"faces": {
				"north": {"uv": [2, 0, 0, 16], "texture": "#1_top", "cullface": "north"},
				"east": {"uv": [16, 0, 0, 16], "texture": "#1_top"},
				"south": {"uv": [2, 0, 4, 16], "texture": "#1_top", "cullface": "south"},
				"west": {"uv": [0, 0, 16, 16], "texture": "#1_top", "cullface": "west"},
				"up": {"uv": [0, 0, 1, 1], "texture": "#1_top", "cullface": "up"},
				"down": {"uv": [0, 4, 1, 5], "texture": "#1_top"}
			}
		},
		{
			"from": [-1, 0, 0],
			"to": [4, 1, 16],
			"faces": {
				"north": {"uv": [0, 15, 1, 16], "texture": "#1_top"},
				"east": {"uv": [0, 15, 1, 16], "texture": "#1_top"},
				"south": {"uv": [0, 15, 1, 16], "texture": "#1_top"},
				"west": {"uv": [0, 15, 1, 16], "texture": "#1_top"},
				"up": {"uv": [0, 15, 16, 16], "texture": "#1_top"},
				"down": {"uv": [0, 15, 16, 16], "texture": "#1_top"}
			}
		},
		{
			"from": [-1, 11, 0],
			"to": [4, 12, 16],
			"faces": {
				"north": {"uv": [0, 4, 1, 5], "texture": "#1_top"},
				"east": {"uv": [0, 4, 1, 5], "texture": "#1_top"},
				"south": {"uv": [0, 4, 1, 5], "texture": "#1_top"},
				"west": {"uv": [0, 4, 1, 5], "texture": "#1_top"},
				"up": {"uv": [0, 4, 16, 5], "texture": "#1_top"},
				"down": {"uv": [0, 4, 16, 5], "texture": "#1_top"}
			}
		}
	],
	"groups": [
		{
			"name": "door_top",
			"children": [0, 1, 2]
		}
	]
}