{
	"credit": "AntonLandao",
	"ambientocclusion": false,
	"textures": {
		"top": "block/spruce_door_top",
		"particle": "block/spruce_door_top"
	},
	"elements": [
		{
			"from": [0, 0, 0],
			"to": [3, 16, 16],
			"faces": {
				"north": {"uv": [2, 0, 4, 16], "texture": "#top", "cullface": "south"},
				"east": {"uv": [0, 0, 16, 16], "texture": "#top", "cullface": "west"},
				"south": {"uv": [2, 0, 0, 16], "texture": "#top", "cullface": "north"},
				"west": {"uv": [16, 0, 0, 16], "texture": "#top"},
				"up": {"uv": [0, 0, 1, 1], "rotation": 180, "texture": "#top", "cullface": "up"},
				"down": {"uv": [0, 4, 1, 5], "rotation": 180, "texture": "#top"}
			}
		},
		{
			"from": [-1, 0, 0],
			"to": [4, 1, 16],
			"faces": {
				"north": {"uv": [0, 15, 1, 16], "texture": "#top"},
				"east": {"uv": [0, 15, 1, 16], "texture": "#top"},
				"south": {"uv": [0, 15, 1, 16], "texture": "#top"},
				"west": {"uv": [0, 15, 1, 16], "texture": "#top"},
				"up": {"uv": [0, 15, 16, 16], "rotation": 180, "texture": "#top"},
				"down": {"uv": [0, 15, 16, 16], "rotation": 180, "texture": "#top"}
			}
		},
		{
			"from": [-1, 11, 0],
			"to": [4, 12, 16],
			"faces": {
				"north": {"uv": [0, 4, 1, 5], "texture": "#top"},
				"east": {"uv": [0, 4, 1, 5], "texture": "#top"},
				"south": {"uv": [0, 4, 1, 5], "texture": "#top"},
				"west": {"uv": [0, 4, 1, 5], "texture": "#top"},
				"up": {"uv": [0, 4, 16, 5], "rotation": 180, "texture": "#top"},
				"down": {"uv": [0, 4, 16, 5], "rotation": 180, "texture": "#top"}
			}
		}
	]
}