{
	"credit": "AntonLandao",
	"ambientocclusion": false,
	"textures": {
		"bottom": "block/spruce_door_bottom",
		"particle": "block/spruce_door_bottom"
	},
	"elements": [
		{
			"from": [0, 0, 0],
			"to": [3, 16, 16],
			"faces": {
				"north": {"uv": [2, 0, 4, 16], "texture": "#bottom", "cullface": "south"},
				"east": {"uv": [0, 0, 16, 16], "texture": "#bottom", "cullface": "west"},
				"south": {"uv": [2, 0, 0, 16], "texture": "#bottom", "cullface": "north"},
				"west": {"uv": [16, 0, 0, 16], "texture": "#bottom"},
				"up": {"uv": [10, 3, 12, 4], "rotation": 180, "texture": "#bottom"},
				"down": {"uv": [15, 15, 16, 16], "rotation": 180, "texture": "#bottom", "cullface": "down"}
			}
		},
		{
			"from": [-1, 5, 0],
			"to": [4, 6, 16],
			"faces": {
				"north": {"uv": [0, 10, 1, 11], "texture": "#bottom"},
				"east": {"uv": [0, 10, 1, 11], "texture": "#bottom"},
				"south": {"uv": [0, 10, 1, 11], "texture": "#bottom"},
				"west": {"uv": [0, 10, 1, 11], "texture": "#bottom"},
				"up": {"uv": [0, 10, 16, 11], "rotation": 180, "texture": "#bottom"},
				"down": {"uv": [0, 10, 16, 11], "rotation": 180, "texture": "#bottom"}
			}
		},
		{
			"from": [-1, 12, 2],
			"to": [4, 13, 6],
			"faces": {
				"north": {"uv": [10, 3, 14, 4], "texture": "#bottom"},
				"east": {"uv": [10, 3, 14, 4], "texture": "#bottom"},
				"south": {"uv": [10, 3, 14, 4], "texture": "#bottom"},
				"west": {"uv": [10, 3, 14, 4], "texture": "#bottom"},
				"up": {"uv": [10, 3, 14, 4], "rotation": 180, "texture": "#bottom"},
				"down": {"uv": [10, 3, 14, 4], "rotation": 180, "texture": "#bottom"}
			}
		},
		{
			"from": [-1, 15, 2],
			"to": [4, 16, 6],
			"faces": {
				"north": {"uv": [10, 0, 14, 1], "texture": "#bottom"},
				"east": {"uv": [10, 0, 14, 1], "texture": "#bottom"},
				"south": {"uv": [10, 0, 14, 1], "texture": "#bottom"},
				"west": {"uv": [10, 0, 14, 1], "texture": "#bottom"},
				"up": {"uv": [10, 0, 14, 1], "rotation": 180, "texture": "#bottom"},
				"down": {"uv": [10, 0, 14, 1], "rotation": 180, "texture": "#bottom"}
			}
		},
		{
			"from": [-1, 13, 2],
			"to": [4, 15, 3],
			"faces": {
				"north": {"uv": [10, 0, 14, 1], "texture": "#bottom"},
				"east": {"uv": [10, 0, 14, 1], "texture": "#bottom"},
				"south": {"uv": [10, 0, 14, 1], "texture": "#bottom"},
				"west": {"uv": [10, 0, 14, 1], "texture": "#bottom"},
				"up": {"uv": [10, 0, 14, 1], "rotation": 180, "texture": "#bottom"},
				"down": {"uv": [10, 0, 14, 1], "rotation": 180, "texture": "#bottom"}
			}
		},
		{
			"from": [-1, 13, 5],
			"to": [4, 15, 6],
			"faces": {
				"north": {"uv": [10, 0, 14, 1], "texture": "#bottom"},
				"east": {"uv": [10, 0, 14, 1], "texture": "#bottom"},
				"south": {"uv": [10, 0, 14, 1], "texture": "#bottom"},
				"west": {"uv": [10, 0, 14, 1], "texture": "#bottom"},
				"up": {"uv": [10, 0, 14, 1], "rotation": 180, "texture": "#bottom"},
				"down": {"uv": [10, 0, 14, 1], "rotation": 180, "texture": "#bottom"}
			}
		}
	]
}