{
	"credit": "AntonLandao",
	"textures": {
		"texture": "block/spruce_trapdoor",
		"particle": "block/spruce_trapdoor"
	},
	"elements": [
		{
			"from": [-1, 12, 12],
			"to": [17, 17, 13],
			"faces": {
				"north": {"uv": [0, 12, 1, 13], "texture": "#texture"},
				"east": {"uv": [0, 12, 1, 13], "texture": "#texture"},
				"south": {"uv": [0, 12, 1, 13], "texture": "#texture"},
				"west": {"uv": [0, 12, 1, 13], "texture": "#texture"},
				"up": {"uv": [0, 12, 16, 13], "texture": "#texture"},
				"down": {"uv": [0, 12, 16, 13], "texture": "#texture"}
			}
		},
		{
			"from": [0, 13, 0],
			"to": [16, 16, 16],
			"faces": {
				"north": {"uv": [0, 16, 16, 13], "texture": "#texture", "cullface": "north"},
				"east": {"uv": [14, 16, 16, 13], "texture": "#texture", "cullface": "east"},
				"south": {"uv": [0, 16, 16, 13], "texture": "#texture", "cullface": "south"},
				"west": {"uv": [0, 16, 2, 13], "texture": "#texture", "cullface": "west"},
				"up": {"uv": [0, 0, 16, 16], "texture": "#texture"},
				"down": {"uv": [0, 0, 16, 16], "texture": "#texture", "cullface": "down"}
			}
		},
		{
			"from": [-1, 12, 3],
			"to": [17, 17, 4],
			"faces": {
				"north": {"uv": [0, 3, 1, 4], "texture": "#texture"},
				"east": {"uv": [0, 3, 1, 4], "texture": "#texture"},
				"south": {"uv": [0, 3, 1, 4], "texture": "#texture"},
				"west": {"uv": [0, 3, 1, 4], "texture": "#texture"},
				"up": {"uv": [0, 3, 16, 4], "texture": "#texture"},
				"down": {"uv": [0, 3, 16, 4], "texture": "#texture"}
			}
		}
	],
	"groups": [
		{
			"name": "template_trapdoor_top",
			"children": [0, 1, 2]
		}
	]
}