{
	"credit": "AntonLandao",
	"textures": {
		"texture": "block/spruce_trapdoor",
		"particle": "block/spruce_trapdoor"
	},
	"elements": [
		{
			"from": [-1, 12, 12],
			"to": [17, 13, 17],
			"faces": {
				"north": {"uv": [0, 3, 16, 4], "rotation": 180, "texture": "#texture"},
				"east": {"uv": [0, 3, 1, 4], "rotation": 270, "texture": "#texture"},
				"south": {"uv": [0, 3, 16, 4], "texture": "#texture"},
				"west": {"uv": [0, 3, 1, 4], "rotation": 90, "texture": "#texture"},
				"up": {"uv": [0, 3, 1, 4], "rotation": 180, "texture": "#texture"},
				"down": {"uv": [0, 3, 1, 4], "texture": "#texture"}
			}
		},
		{
			"from": [-1, 3, 12],
			"to": [17, 4, 17],
			"faces": {
				"north": {"uv": [0, 12, 16, 13], "rotation": 180, "texture": "#texture"},
				"east": {"uv": [0, 12, 1, 13], "rotation": 270, "texture": "#texture"},
				"south": {"uv": [0, 12, 16, 13], "texture": "#texture"},
				"west": {"uv": [0, 12, 1, 13], "rotation": 90, "texture": "#texture"},
				"up": {"uv": [0, 12, 1, 13], "rotation": 180, "texture": "#texture"},
				"down": {"uv": [0, 12, 1, 13], "texture": "#texture"}
			}
		},
		{
			"from": [0, 0, 13],
			"to": [16, 16, 16],
			"faces": {
				"north": {"uv": [0, 0, 16, 16], "rotation": 180, "texture": "#texture", "cullface": "down"},
				"east": {"uv": [14, 16, 16, 13], "rotation": 270, "texture": "#texture", "cullface": "east"},
				"south": {"uv": [0, 0, 16, 16], "texture": "#texture"},
				"west": {"uv": [0, 16, 2, 13], "rotation": 90, "texture": "#texture", "cullface": "west"},
				"up": {"uv": [0, 16, 16, 13], "rotation": 180, "texture": "#texture", "cullface": "north"},
				"down": {"uv": [0, 16, 16, 13], "texture": "#texture", "cullface": "south"}
			}
		}
	]
}